Journal Report 1 (R4)	Number of Successful Full-Text Article Requests by Month and Journal
BADISCHE LANDESBIBLIOTHEK
BADISCHE LANDESBIBLIOTHEK
Period covered by Report:
2019-01-01 to 2019-04-30
Date run:
2019-09-17
Journal	Publisher	Platform	Journal DOI	Proprietary Identifier	Print ISSN	Online ISSN	Reporting Period Total	Reporting Period HTML	Reporting Period PDF	Jan-2019	Feb-2019	Mar-2019	Apr-2019
Total for all journals		EBSCOhost					1821	594	1226	588	386	423	424
ABA Journal	American Bar Association	EBSCOhost		351	0747-0088	2162-7983	1	1	0	0	0	0	1
AIP Conference Proceedings Online	American Institute of Physics	EBSCOhost		271	0094-243X	1551-7616	1	1	0	0	0	0	1
AISHE-J: The All Ireland Journal of Teaching and Learning in Higher Education	All Ireland Society for Higher Education (AISHE)	EBSCOhost		559870		2009-3160	1	0	1	0	0	0	1
ATQ	American Transcendental	EBSCOhost		8213	1078-3377		1	1	0	0	0	0	1
About Campus	SAGE Publications	EBSCOhost		491	1086-4822	1536-0687	1	0	1	1	0	0	0
Academic Questions	Springer Nature	EBSCOhost		607	0895-4852	1936-4709	6	4	2	0	0	6	0
Acta Anaesthesiologica Scandinavica	Wiley-Blackwell	EBSCOhost		914	0001-5172	1399-6576	1	0	1	0	0	1	0
Acta Neurologica Scandinavica	Wiley-Blackwell	EBSCOhost		1252	0001-6314	1600-0404	1	0	1	0	0	0	1
Acta Psychiatrica Scandinavica. Supplementum	Wiley-Blackwell	EBSCOhost		1429	0065-1591	1600-0447	1	0	1	0	1	0	0
Acta Sociologica	SAGE Publications	EBSCOhost		123573	0001-6993	1502-3869	7	5	2	0	0	7	0
Administrative Science Quarterly	SAGE Publications	EBSCOhost		1763	0001-8392	1930-3815	2	2	0	0	0	1	1
Africa	Edinburgh University Press	EBSCOhost		422281	0001-9720	1750-0184	1	0	1	1	0	0	0
Africa: Journal of the International African Institute	Cambridge University Press	EBSCOhost		2306	0001-9720	1750-0184	1	0	1	1	0	0	0
African American review	Johns Hopkins University Press	EBSCOhost		2345	1062-4783	1945-6182	3	1	2	1	0	1	1
African Arts	MIT Press	EBSCOhost		2348	0001-9933	1937-2108	1	1	0	0	1	0	0
African studies	Taylor & Francis	EBSCOhost		2397	0002-0184	1469-2872	1	0	1	1	0	0	0
AfterImage	University of California Press	EBSCOhost		2441	0300-7472	2578-8531	2	2	0	0	0	2	0
Agora	History Teachers Assn Victoria	EBSCOhost		209082	0044-6726		1	0	1	0	1	0	0
Agricultural Research	United States Department of Agriculture	EBSCOhost		2577	0002-161X	2169-8244	1	1	0	1	0	0	0
Air Power History	Air Force Historical Foundation	EBSCOhost		2781	1044-016X		1	0	1	0	1	0	0
Alternatives Journal	Alternatives Journal/ University of Waterloo	EBSCOhost		3239	1205-7398		1	1	0	0	1	0	0
America	The America Press	EBSCOhost		3352	0002-7049	1943-3697	2	2	0	1	0	0	1
American Bar Association Journal	American Bar Association	EBSCOhost		79361	0002-7596	2162-7975	2	0	2	1	1	0	0
American Communist History	Taylor & Francis Group	EBSCOhost		79332	1474-3892	1474-3906	1	0	1	1	0	0	0
American Journal of Education	University of Chicago Press	EBSCOhost		3704	0195-6744	1549-6511	1	1	0	1	0	0	0
American Journal of Play	The Strong	EBSCOhost		602850	1938-0399	1938-0402	1	0	1	0	1	0	0
American Journal of Speech-Language Pathology	American Speech-Language-Hearing Association	EBSCOhost		3896	1058-0360	1558-9110	9	0	9	8	1	0	0
American Music	University of Illinois Press	EBSCOhost		4045	0734-4392	1945-2349	1	0	1	0	0	0	1
American Recorder	American Recorder Society	EBSCOhost		92729	0003-0724	1930-3831	2	0	2	0	0	2	0
American School & University	Penton Media	EBSCOhost		126330	0003-0945	2161-7791	1	0	1	0	1	0	0
American Secondary Education	American Secondary Education	EBSCOhost		4146	0003-1003	2326-9618	1	0	1	0	1	0	0
American Theatre	Theatre Communications Group	EBSCOhost		4197	8750-3255	2169-1142	1	1	0	0	1	0	0
American journal of audiology	American Speech-Language-Hearing Association	EBSCOhost		3659	1059-0889	1558-9137	1	0	1	1	0	0	0
Analysis	Oxford University Press	EBSCOhost		460871	0003-2638	1467-8284	1	0	1	1	0	0	0
Analysis	Wiley	EBSCOhost		4524	0003-2638	1467-8284	1	0	1	0	0	1	0
Anatomia, Histologia, Embryologia Journal of Veterinary Medicine Series C	Wiley-Blackwell	EBSCOhost		4573	0340-2096	1439-0264	1	0	1	0	1	0	0
Annales: Series Historia et Sociologia	University of Primorska	EBSCOhost		11509849	1408-5348		3	0	3	1	0	1	1
Annals of the Association of American Geographers	Taylor & Francis	EBSCOhost		383397	0004-5608	1467-8306	1	0	1	1	0	0	0
Annual Review of Genetics	Annual Reviews	EBSCOhost		5839	0066-4197	1545-2948	1	0	1	0	1	0	0
Annual Review of Sociology	Annual Reviews	EBSCOhost		5874	0360-0572	1545-2115	3	0	3	1	2	0	0
Annual review of ecology and systematics	Annual Reviews	EBSCOhost		5832	0066-4162	2330-1902	1	0	1	0	1	0	0
Annual review of plant biology	Annual Reviews	EBSCOhost		78278	1543-5008	1545-2123	1	0	1	0	1	0	0
Applied Artificial Intelligence	Taylor & Francis	EBSCOhost		6226	0883-9514	1087-6545	1	0	1	1	0	0	0
Applied Measurement in Education	Taylor & Francis	EBSCOhost		6286	0895-7347	1532-4818	5	0	5	0	0	0	5
Applied Psychology = Psychologie Appliquee - An International Review (Wiley-Blackwell)	John Wiley & Sons	EBSCOhost		6326	0269-994X	1464-0597	2	1	1	2	0	0	0
Applied Psychophysiology and Biofeedback	Springer Nature	EBSCOhost		6330	1090-0586	1573-3270	37	0	37	37	0	0	0
Aquatic Mammals	Aquatic Mammals	EBSCOhost		102741	0167-5427	1996-7292	2	0	2	0	0	2	0
Arab Studies Quarterly	Pluto Press	EBSCOhost		6470	0271-3519	2043-6920	1	0	1	0	0	1	0
Aramaic studies	Brill	EBSCOhost		101042	1477-8351	1745-5227	2	0	2	0	0	2	0
Archaeology	Archaeological Institute of America	EBSCOhost		6589	0003-8113	1943-5746	2	2	0	1	1	0	0
Architectural Record	BNP Media	EBSCOhost		6635	0003-858X		8	8	0	8	0	0	0
Arctic	Arctic Institute of North America	EBSCOhost		7179	0004-0843	1923-1245	3	0	3	0	0	3	0
Art Book	Wiley	EBSCOhost		7481	1368-6267	1467-8357	2	0	2	0	0	1	1
Art Bulletin	Routledge	EBSCOhost		7482	0004-3079	1559-6478	6	5	1	2	0	3	1
Art Journal	Routledge	EBSCOhost		2613705	0004-3249	2325-5307	3	3	0	3	0	0	0
Art Monthly	Art Monthly	EBSCOhost		7508	0142-6702	2059-5255	3	2	1	0	0	2	1
Art history	Wiley-Blackwell	EBSCOhost		7500	0141-6790	1467-8365	4	3	1	0	1	1	2
Art in America	Brant Publishing	EBSCOhost		7501	0004-3214		2	1	1	0	1	0	1
Arts & Activities	Publishers Development Corporation	EBSCOhost		7594	0004-3931		4	3	1	0	4	0	0
Asia-Pacific Forum on Science Learning & Teaching	Asia-Pacific Forum on Science Learning & Teaching	EBSCOhost		194279		1609-4913	1	0	1	0	0	0	1
Asian Folklore Studies	Nanzan University	EBSCOhost		7812	0385-2342		1	0	1	0	0	1	0
Asian-Pacific Journal of Second and Foreign Language Education	Springer Berlin Heidelberg	EBSCOhost		10264481		2363-5169	1	1	0	1	0	0	0
Atenea (Chile)	University of Puerto Rico at Mayaguez	EBSCOhost		186329	0885-6079		2	0	2	1	0	0	1
Attachment & Human Development	Taylor & Francis	EBSCOhost		8217	1461-6734	1469-2988	3	3	0	0	0	0	3
Australian Aboriginal Studies	Australian Institute of Aboriginal and Torres Strait Island Studies	EBSCOhost		8500	0729-4352		1	0	1	0	0	0	1
BMC Gastroenterology	BioMed Central	EBSCOhost		98739		1471-230X	1	0	1	0	0	1	0
BMC Health Services Research	BioMed Central	EBSCOhost		100304		1472-6963	3	0	3	0	0	0	3
BMC Public Health	BioMed Central	EBSCOhost		100332		1471-2458	1	1	0	0	0	1	0
Behaviour & information technology	Taylor & Francis	EBSCOhost		9566	0144-929X	1362-3001	1	0	1	0	1	0	0
Berkeley technology law journal	University of California School of Law	EBSCOhost		9944	1086-3818	2380-4742	1	0	1	0	0	0	1
Bilingual Review / La Revista Bilingüe	Arizona State University / Hispanic Research Center	EBSCOhost		10274	0094-5366	2327-624X	1	0	1	0	1	0	0
Billboard	Prometheus Global Media	EBSCOhost		10285	0006-2510		1	1	0	0	0	1	0
BioScience	Oxford University Press	EBSCOhost		10683	0006-3568	1525-3244	2	1	1	2	0	0	0
BioScience	Oxford University Press	EBSCOhost		2444188	0006-3568	1525-3244	9	4	5	9	0	0	0
Biography (Honolulu)	University of Hawaii Press	EBSCOhost		10446	0162-4962	1529-1456	3	0	3	0	2	1	0
Biography (New York, NY)	A&E Television Networks, LLC	EBSCOhost		90368	1092-7891		1	1	0	0	1	0	0
Bipolar disorders	Wiley	EBSCOhost		10745	1398-5647	1399-5618	1	0	1	1	0	0	0
Booklist	American Library Association	EBSCOhost		11635	0006-7385		8	0	8	1	3	2	2
British Journal of Developmental Psychology	Wiley-Blackwell	EBSCOhost		785348	0261-510X	2044-835X	1	0	1	0	1	0	0
British Journal of Educational Psychology	Wiley-Blackwell	EBSCOhost		785349	0007-0998	2044-8279	1	1	0	1	0	0	0
British Journal of Guidance & Counselling	Taylor & Francis	EBSCOhost		12062	0306-9885	1469-3534	1	0	1	0	0	1	0
British Journal of Psychology	Wiley	EBSCOhost		12116	0007-1269	2044-8295	2	0	2	1	0	0	1
British educational research journal	Wiley-Blackwell	EBSCOhost		11992	0141-1926	1469-3518	3	1	2	3	0	0	0
British journal of educational technology	Wiley-Blackwell	EBSCOhost		12054	0007-1013	1467-8535	2	2	0	1	0	1	0
Brno Studies in English	Masaryk University	EBSCOhost		576998	0524-6881	1805-0867	1	0	1	1	0	0	0
Bulletin of Latin American Research	Wiley	EBSCOhost		13342	0261-3050	1470-9856	1	0	1	0	0	0	1
Bulletin of the Atomic Scientists	Taylor & Francis	EBSCOhost		13436	0096-3402	1938-3282	4	1	3	0	0	2	2
CALICO Journal	Equinox Publishing	EBSCOhost		96425	0742-7778	2056-9017	2	0	2	1	0	1	0
CNS Drugs	Springer Nature	EBSCOhost		18337	1172-7047	1179-1934	1	0	1	1	0	0	0
California English	California Association of Teachers of English	EBSCOhost		222771	0279-1161		1	0	1	1	0	0	0
Cambridge Review of International Affairs	Taylor & Francis	EBSCOhost		14932	0955-7571	1474-449X	1	0	1	0	1	0	0
Canada's History	Canada's History Society	EBSCOhost		709648	1920-9894		2	1	1	0	1	1	0
Canadian Historical Review	University of Toronto Press	EBSCOhost		15169	0008-3755	1710-1093	1	0	1	0	0	1	0
Canadian Journal of Civil Engineering = Revue canadienne de génie civil	Canadian Science Publishing	EBSCOhost		15223	0315-1468	1208-6029	1	0	1	0	0	0	1
Canadian Journal of Education	Canadian Society for the Study of Education	EBSCOhost		15253	0380-2361	1918-5979	1	1	0	0	0	1	0
Canadian Journal of History = Annales Canadiennes d'Histoire	University of Toronto Press	EBSCOhost		15278	0008-4107	2292-8502	1	0	1	0	0	0	1
Canadian Journal of Physics = Revue canadienne de physique	Canadian Science Publishing	EBSCOhost		15321	0008-4204	1208-6045	8	0	8	8	0	0	0
Canadian Literature	University of British Columbia	EBSCOhost		15391	0008-4360		1	0	1	0	0	0	1
Canadian University Music Review / Revue de musique des universités canadiennes	Canadian University Music Society / Société de musique des universités canadiennes	EBSCOhost		488610	0710-0353	2291-2436	1	0	1	0	0	1	0
Canadian review of American studies	University of Toronto Press	EBSCOhost		15460	0007-7720	1710-114X	1	0	1	0	0	0	1
Carbon & Climate Law Review: CCLR	Lexxion Verlagsgesell MBH	EBSCOhost		426995	1864-9904	2190-8230	2	0	2	1	0	0	1
Career Development Quarterly	Wiley-Blackwell	EBSCOhost		15752	0889-4019	2161-0045	1	0	1	0	0	1	0
Cartographica	University of Toronto Press	EBSCOhost		15873	0317-7173	1911-9925	1	0	1	1	0	0	0
Case Western Reserve Law Review	Case Western Reserve University School of Law	EBSCOhost		15901	0008-7262	1942-8308	2	0	2	0	2	0	0
Central Asian Survey	Taylor & Francis	EBSCOhost		16227	0263-4937	1465-3354	1	0	1	1	0	0	0
Central European History	Cambridge University Press	EBSCOhost		16246	0008-9389	1569-1616	3	2	1	0	2	0	1
Cephalalgia	SAGE Publications	EBSCOhost		16306	0333-1024	1468-2982	1	0	1	0	0	1	0
Child Development	Wiley-Blackwell	EBSCOhost		17048	0009-3920	1467-8624	15	1	14	1	3	4	7
Children's Geographies	Taylor & Francis	EBSCOhost		99178	1473-3285	1473-3277	2	0	2	2	0	0	0
Children's Literature in Education	Springer Science+Business Media B.V.	EBSCOhost		17122	0045-6713	1573-1693	20	2	18	6	8	1	5
Christian History & Biography	Christianity Today International	EBSCOhost		146229	1548-1956	1548-1948	1	0	1	0	1	0	0
Christian Science Monitor	Christian Science Publishing Society	EBSCOhost		17456	0882-7729	2166-3262	4	4	0	0	0	0	4
Chronicle of Higher Education	Chronicle of Higher Education	EBSCOhost		17482	0009-5982	1931-1362	1	1	0	1	0	0	0
Church History: Studies in Christianity and Culture	Cambridge University Press	EBSCOhost		17536	0009-6407	1755-2613	1	1	0	0	0	0	1
Cinéaste	Cineaste Publishers Incorporated	EBSCOhost		17655	0009-7004	2641-9238	4	4	0	2	1	1	0
Classical Journal	Classical Association of the Middle West & South, Inc.	EBSCOhost		17880	0009-8353	2327-5812	1	1	0	0	0	1	0
Clinical Child and Family  Psychology Review	Springer Nature	EBSCOhost		18066	1096-4037	1573-2827	1	0	1	0	0	0	1
Clinical drug investigation	Adis International Limited	EBSCOhost		18071	1173-2563	1179-1918	1	0	1	0	0	0	1
Cognition and Emotion	Taylor & Francis	EBSCOhost		18459	0269-9931	1464-0600	3	1	2	2	0	0	1
College Literature	Johns Hopkins University Press	EBSCOhost		18612	0093-3139	1542-4286	1	0	1	0	0	0	1
College Student Journal	Project Innovation of Mobile	EBSCOhost		18629	0146-3934		2	1	1	1	1	0	0
Colombian Applied Linguistics Journal	Universidad Distrital Francisco Jose de Caldas	EBSCOhost		1437664	0123-4641	2248-7085	1	0	1	1	0	0	0
Commonweal	Commonweal	EBSCOhost		18975	0010-3330	2163-3797	1	1	0	0	0	1	0
Community College Journal	American Association of Community Colleges	EBSCOhost		19129	1067-1803	2151-755X	2	0	2	2	0	0	0
Comparative Literature	Duke University Press	EBSCOhost		19252	0010-4124	1945-8517	1	0	1	0	0	1	0
Comparative Professional Pedagogy	De Gruyter	EBSCOhost		7207673	2308-4081		1	0	1	0	0	0	1
Computational Mechanics	Springer Nature	EBSCOhost		19566	0178-7675	1432-0924	1	0	1	0	0	0	1
Computer Music Journal	MIT Press	EBSCOhost		19664	0148-9267	1531-5169	7	1	6	5	2	0	0
Computers in the Schools	Taylor & Francis	EBSCOhost		19812	0738-0569	1528-7033	1	0	1	0	0	1	0
Comunicar	Grupo Comunicar	EBSCOhost		383369	1134-3478	1988-3293	3	0	3	0	0	2	1
Congressional Digest	Congressional Digest Corporation	EBSCOhost		20070	0010-5899		5	0	5	0	5	0	0
Constructivist Foundations	Center Leo Apostel for Interdisciplinary Research, Vrije Universiteit Brussel, Belgium	EBSCOhost		336413		1782-348X	4	0	4	0	0	4	0
Contemporary Educational Technology	Ali Simsek	EBSCOhost		607254	1309-517X		1	0	1	0	0	0	1
Contemporary French & Francophone Studies	Taylor & Francis	EBSCOhost		148664	1740-9292	1740-9306	3	2	1	0	0	0	3
Contemporary Hypnosis : The Journal of the British Society of Experimental and Clinical Hypnosis	Crown House Publishing	EBSCOhost		20337	0960-5290	1557-0711	28	0	28	28	0	0	0
Contemporary Music Review	Taylor & Francis	EBSCOhost		20357	0749-4467	1477-2256	4	0	4	3	1	0	0
Contemporary Politics	Taylor & Francis	EBSCOhost		20371	1356-9775	1469-3631	1	0	1	0	0	1	0
Contemporary Review	Contemporary Review Company Limited	EBSCOhost		20376	0010-7565		1	0	1	1	0	0	0
Cosmopolitan Civil Societies: An Interdisciplinary Journal	Uts Cosmopolitan Civil Societies Research Centre	EBSCOhost		560356		1837-5391	1	0	1	1	0	0	0
Counselling Psychology Quarterly	Taylor & Francis	EBSCOhost		20971	0951-5070	1469-3674	2	0	2	2	0	0	0
Craft Arts International	Craft Art Pty Limited	EBSCOhost		21215	1038-846X		9	7	2	0	0	2	7
Creativity Research Journal	Taylor & Francis	EBSCOhost		21302	1040-0419	1532-6934	8	8	0	0	4	4	0
Critical Public Health	Taylor & Francis	EBSCOhost		21475	0958-1596	1469-3682	1	0	1	0	0	1	0
Crustaceana	Brill	EBSCOhost		21620	0011-216X	1568-5403	1	0	1	0	0	1	0
Culture and Organization	Taylor & Francis	EBSCOhost		71893	1475-9551	1477-2760	1	0	1	1	0	0	0
Culture, Health & Sexuality	Taylor & Francis	EBSCOhost		21806	1369-1058	1464-5351	2	0	2	0	1	1	0
Cumhuriyet International Journal of Education	University of Cumhuriyet, Faculty of Sciences & Arts	EBSCOhost		1585355		2147-1606	1	0	1	0	0	0	1
Current Science (Indian Academy of Sciences)	Indian Academy of Sciences	EBSCOhost		93440	0011-3891		2	0	2	0	0	2	0
Curriculum Review	PaperClip Communications	EBSCOhost		22124	0147-2453	1944-9534	2	2	0	2	0	0	0
Customer Relationship Management : CRM	Information Today Incorporated	EBSCOhost		144130	1529-8728	2169-043X	15	0	15	15	0	0	0
DIE-Zeitschrift für Erwachsenenbildung	W. Bertelsmann Verlag	EBSCOhost		4204176	0945-3164		2	0	2	2	0	0	0
Das Orchester	Schott Music GmbH & Co. KG	EBSCOhost		14918352	0030-4468		3	0	3	1	0	1	1
Dead Sea Discoveries	Brill	EBSCOhost		22593	0929-0761	1568-5179	1	0	1	0	0	1	0
Deakin Law Review	Deakin University	EBSCOhost		22598	1321-3660	1835-9264	3	0	3	0	0	0	3
Death Studies	Taylor & Francis Group	EBSCOhost		22611	0748-1187	1091-7683	2	0	2	0	0	2	0
Design issues	MIT Press	EBSCOhost		23076	0747-9360	1531-4790	1	0	1	0	0	1	0
Deutsches ingenieurblatt	Fachverlag Schiele und Schoen	EBSCOhost		172520	0946-2422		2	0	2	0	0	1	1
Development and change	Wiley-Blackwell	EBSCOhost		23263	0012-155X	1467-7660	1	1	0	0	1	0	0
Developmental Neurorehabilitation	Taylor & Francis	EBSCOhost		277617	1751-8423	1751-8431	6	0	6	2	4	0	0
Die Musikforschung	Baerenreiter Verlag Basel	EBSCOhost		465007	0027-4801		35	0	35	13	1	19	2
Digital Education Review	Universitat de Barcelona	EBSCOhost		794118		2013-9144	1	0	1	0	0	1	0
Discourse and Communication for Sustainable Education	De Gruyter	EBSCOhost		1356391	1691-6301	2255-7547	1	0	1	0	0	0	1
Discourse: Studies in the Cultural Politics of Education	Taylor & Francis	EBSCOhost		23781	0159-6306	1469-3739	4	1	3	1	2	1	0
Diskurs Kindheits- und Jugendforschung	Verlag Barbara Budrich	EBSCOhost		423015	1862-5002	2193-9713	25	0	25	5	4	8	8
Dissent	University of Pennsylvania Press	EBSCOhost		23860	0012-3846	1946-0910	2	0	2	0	2	0	0
Dissonanz		EBSCOhost		11509870	1660-7244		3	0	3	0	0	1	2
Dissonanz = Dissonance		EBSCOhost		14918309	1422-7371		2	0	2	0	0	1	1
Diverse Issues in Higher Education	Cox Matthews and Associates Incorporated	EBSCOhost		190456	1557-5411	2163-5862	1	1	0	0	1	0	0
Early American literature	University of North Carolina Press	EBSCOhost		24558	0012-8163	1534-147X	2	0	2	1	1	0	0
Early Childhood Education Journal	Springer Nature	EBSCOhost		24563	1082-3301	1573-1707	3	0	3	3	0	0	0
Early Music	Oxford University Press	EBSCOhost		24586	0306-1078	1741-7260	3	0	3	1	0	1	1
Early medieval Europe	Wiley-Blackwell	EBSCOhost		24583	0963-9462	1468-0254	1	1	0	0	0	1	0
Early science and medicine	Brill	EBSCOhost		24593	1383-7427	1573-3823	4	0	4	4	0	0	0
Earthwatch Institute Journal	Earthwatch Expedition	EBSCOhost		24672	1526-4092		1	1	0	0	0	1	0
Eastern Journal of European Studies	Alexandru Ioan Cuza University of Iasi	EBSCOhost		665529	2068-651X	2068-6633	1	0	1	0	1	0	0
Education	Project Innovation of Mobile	EBSCOhost		25262	0013-1172		2	2	0	2	0	0	0
Education & Treatment of Children	West Virginia University Press	EBSCOhost		25290	0748-8491	1934-8924	1	1	0	1	0	0	0
Education Digest	Prakken Publications Incorporated	EBSCOhost		25299	0013-127X	1949-0275	3	0	3	0	3	0	0
Education Journal	Education Publishing Company	EBSCOhost		25318	1364-4505		1	0	1	0	0	0	1
Education economics	Taylor & Francis	EBSCOhost		25302	0964-5292	1469-5782	1	1	0	0	0	1	0
Education policy analysis archives	Arizona State University	EBSCOhost		101612		1068-2341	1	0	1	1	0	0	0
Educational Assessment	Taylor & Francis	EBSCOhost		25352	1062-7197	1532-6977	6	0	6	0	0	0	6
Educational Journal of Living Theories	Dublin City University	EBSCOhost		625514	2009-1788		2	0	2	0	0	0	2
Educational Leadership	ASCD	EBSCOhost		25377	0013-1784	1943-5878	4	0	4	0	1	2	1
Educational Philosophy and Theory	Routledge	EBSCOhost		123575	0013-1857	1469-5812	1	0	1	0	0	1	0
Educational Psychologist	Taylor & Francis	EBSCOhost		25409	0046-1520	1532-6985	5	0	5	2	1	1	1
Educational Studies: A Journal of the American Educational Studies Association	Routledge	EBSCOhost		25463	0013-1946	1532-6993	1	0	1	1	0	0	0
Educational Technology, Research and Development	Springer Nature	EBSCOhost		25473	1042-1629	1556-6501	3	0	3	2	1	0	0
Educational action research	Taylor & Francis	EBSCOhost		25339	0965-0792	1747-5074	1	0	1	1	0	0	0
Educational psychology review	Springer Nature	EBSCOhost		25413	1040-726X	1573-336X	16	0	16	0	16	0	0
Educational theory	Wiley-Blackwell	EBSCOhost		25480	0013-2004	1741-5446	3	1	2	0	1	0	2
Electronic Musician	Future Publishing Limited	EBSCOhost		25856	0884-4720	2161-9867	2	2	0	2	0	0	0
Electronics systems & software	Institution of Engineering and Technology - IET	EBSCOhost		106396	1479-8336		1	0	1	0	0	1	0
Engineering and Mining Journal	Mining Media Inc.	EBSCOhost		24511	0095-8948		1	0	1	0	1	0	0
English Studies in Canada	English Studies in Canada	EBSCOhost		26455	0317-0802	1913-4835	1	0	1	0	0	1	0
English literature in transition, 1880-1920	English Literature in Transition	EBSCOhost		302107	0013-8339	1559-2715	1	0	1	0	0	1	0
Environmental Education Research	Taylor & Francis	EBSCOhost		26621	1350-4622	1469-5871	1	0	1	1	0	0	0
Espacio, Tiempo y Educación	Escuela de Administracion y Mercadotecnia del Quindio	EBSCOhost		2924018		2340-7263	3	0	3	3	0	0	0
Essence	Essence	EBSCOhost		773314	0014-0880		1	1	0	0	1	0	0
Essence	Time Inc.	EBSCOhost		26987	0014-0880		12	12	0	0	0	0	12
Ethical Theory and Moral Practice	Springer Nature	EBSCOhost		27130	1386-2820	1572-8447	1	0	1	0	1	0	0
Ethics	University of Chicago Press	EBSCOhost		27131	0014-1704	1539-297X	1	0	1	0	1	0	0
Ethnohistory	Duke University Press	EBSCOhost		27165	0014-1801	1527-5477	2	0	2	1	1	0	0
Etudes grégoriennes	Editions Solesmes	EBSCOhost		17549364	0071-2086		2	0	2	1	0	1	0
Eurasian Journal of Educational Research (EJER)	Ani Yayincilik	EBSCOhost		222776	1302-597X	2528-8911	1	0	1	1	0	0	0
European Food and Feed Law Review : EFFL	Lexxion Verlagsgesell MBH	EBSCOhost		441964	1862-2720	2190-8214	3	0	3	0	3	0	0
European Journal of Contemporary Education	European Researcher	EBSCOhost		1936079	2304-9650	2305-6746	1	0	1	1	0	0	0
European Journal of Education	Wiley-Blackwell	EBSCOhost		27517	0141-8211	1465-3435	1	1	0	0	0	0	1
European Journal of Social Psychology	John Wiley & Sons Incorporated	EBSCOhost		27649	0046-2772	1099-0992	2	0	2	2	0	0	0
European Journal of Theology	Paternoster Periodicals	EBSCOhost		27668	0960-2720		1	0	1	0	1	0	0
European Judaism	Berghahn Books	EBSCOhost		27687	0014-3006	1752-2323	1	0	1	0	0	1	0
European Planning Studies	Taylor & Francis	EBSCOhost		27720	0965-4313	1469-5944	1	1	0	0	0	0	1
European journal of philosophy	Wiley-Blackwell	EBSCOhost		27620	0966-8373	1468-0378	2	0	2	2	0	0	0
Exceptional Children: Journal of the International Council for Exceptional Children	SAGE Publications	EBSCOhost		2655519	0014-4029	2163-5560	3	0	3	0	0	0	3
Exceptionality Education Canada	Exceptionality Education Intl	EBSCOhost		422458	1183-322X		1	0	1	0	1	0	0
Exchange Magazine	Exchange Press Inc.	EBSCOhost		17037	1946-0406		1	0	1	0	0	1	0
Family relations	Wiley-Blackwell	EBSCOhost		28392	0197-6664	1741-3729	2	2	0	0	0	2	0
Farmers Weekly	Reed Business Information Ltd	EBSCOhost		28485	0014-8474	2059-3422	4	4	0	0	4	0	0
Feminist Economics	Taylor & Francis	EBSCOhost		28752	1354-5701	1466-4372	1	0	1	0	0	1	0
Film Criticism	Film Criticism	EBSCOhost		28878	0163-5069	2471-4364	1	0	1	1	0	0	0
Florida Journal of Educational Administration & Policy	University of Florida	EBSCOhost		336435		1942-3497	2	0	2	0	0	2	0
Fontes artis musicae	International Association Music Library	EBSCOhost		29544	0015-6191	2471-156X	3	0	3	1	0	0	2
Foreign Affairs	Council on Foreign Relations	EBSCOhost		29701	0015-7120	2327-7793	6	3	3	5	0	0	1
Foreign Policy	Foreign Policy Association	EBSCOhost		29715	0015-7228	1945-2276	1	1	0	1	0	0	0
Forum EB	Waxmann Verlag	EBSCOhost		3147254	1433-769X		1	0	1	0	0	0	1
Forum philosophicum : studia a Facultate Philosophica Societatis Jesu Cracoviae edita	Ignatium Academy (Poland)	EBSCOhost		101044	1426-1898		1	0	1	0	1	0	0
Frankfurter Zeitschrift für Musikwissenschaft	Universitat Bern, Institut fur Musikwissenschaft	EBSCOhost		182812		1438-857X	3	0	3	2	0	0	1
GWP: Gesellschaft Wirtschaft Politik	Verlag Barbara Budrich	EBSCOhost		625496	1619-6910		8	0	8	1	3	1	3
Gender and Education	Taylor & Francis	EBSCOhost		30529	0954-0253	1360-0516	1	0	1	1	0	0	0
Geographical Review	Wiley-Blackwell	EBSCOhost		30813	0016-7428	1931-0846	2	2	0	1	0	0	1
Geopolitics	Taylor & Francis	EBSCOhost		71521	1465-0045	1557-3028	6	5	1	0	0	5	1
German History: Journal of the German History Society	Oxford University Press	EBSCOhost		31014	0266-3554	1477-089X	2	0	2	0	1	0	1
German Politics	Taylor & Francis	EBSCOhost		31028	0964-4008	1743-8993	1	1	0	0	0	0	1
German Politics and Society	Berghahn Books	EBSCOhost		31029	1045-0300	1558-5441	2	0	2	1	0	0	1
German Quarterly	Wiley-Blackwell	EBSCOhost		31030	0016-8831	1756-1183	2	2	0	1	1	0	0
GiST : Education and Learning Research Journal	Institucion Universitaria Colombo Americana (UNICA)	EBSCOhost		1341617	1692-5777	2248-8391	1	0	1	1	0	0	0
Global Education Journal	Franklin Publishing Company	EBSCOhost		910072	2152-3622		1	0	1	0	1	0	0
Global Networks: A Journal of Transnational Affairs	Wiley-Blackwell	EBSCOhost		31326	1470-2266	1471-0374	1	0	1	0	1	0	0
Good words for the young	American Antiquarian Society	EBSCOhost		557373			1	0	0	0	0	0	1
Grass and Forage Science	Wiley-Blackwell	EBSCOhost		31558	0142-5242	1365-2494	2	1	1	0	2	0	0
Grey room	MIT Press	EBSCOhost		31645	1526-3819	1536-0105	1	0	1	0	1	0	0
Harper's	Harpers Magazine Company	EBSCOhost		32058	0017-789X	2169-7612	1	1	0	0	1	0	0
Harvard law review	Harvard Law Review Association	EBSCOhost		32134	0017-811X	2161-976X	2	0	2	0	0	0	2
Herizons	Herizons	EBSCOhost		32720	0711-7485		1	0	1	0	0	1	0
Hessische Blätter für Volksbildung	W. Bertelsmann Verlag	EBSCOhost		3147256	0018-103X		3	0	3	1	0	0	2
Heythrop journal	Wiley-Blackwell	EBSCOhost		32763	0018-1196	1468-2265	1	1	0	0	0	0	1
History (London)	Wiley-Blackwell	EBSCOhost		33005	0018-2648	1468-229X	24	8	16	22	1	1	0
History and theory	Wiley-Blackwell	EBSCOhost		33013	0018-2656	1468-2303	1	0	1	0	0	1	0
History today	History Today Limited	EBSCOhost		33048	0018-2753		8	6	2	1	5	1	1
Horn Book Magazine	The Horn Book Incorporated	EBSCOhost		33258	0018-5078		5	5	0	2	0	3	0
Human Performance	Taylor & Francis	EBSCOhost		33611	0895-9285	1532-7043	2	0	2	0	2	0	0
Human Rights	American Bar Association	EBSCOhost		33640	0046-8185	2162-8483	2	2	0	0	1	1	0
Indian Journal of Critical Care Medicine : Peer-reviewed, Official Publication of Indian Society of Critical Care Medicine	Medknow Publications	EBSCOhost		129135	0972-5229	1998-359X	1	1	0	1	0	0	0
Indian Journal of Health and Wellbeing	Indian Association of Health, Research and Welfare	EBSCOhost		2693841	2229-5356	2321-3698	1	0	1	1	0	0	0
Indiana theory review	Indiana University Press	EBSCOhost		4401208	0271-8022	2474-7777	1	0	1	1	0	0	0
Industrial engineer	Institute of Industrial and Systems Engineers (IISE)	EBSCOhost		91329	1542-894X		1	0	1	0	0	0	1
Infant and Child Development	Wiley-Blackwell	EBSCOhost		35238	1522-7227	1522-7219	3	1	2	0	3	0	0
Informatics for Health & Social Care	Taylor & Francis	EBSCOhost		384393	1753-8157	1753-8165	2	2	0	0	0	0	2
Insects insects	MDPI (Multidisciplinary Digital Publishing Institute)	EBSCOhost		821743		2075-4450	1	1	0	1	0	0	0
Instructor	Scholastic Incorporated	EBSCOhost		35770	1532-0200	2168-233X	2	2	0	2	0	0	0
Instructor (intermediate edition)	Scholastic Incorporated	EBSCOhost		89994	1049-5851		1	1	0	0	0	1	0
Integrative Psychological and Behavioral Science	Springer Science+Business Media B.V.	EBSCOhost		376695	1932-4502	1936-3567	1	0	1	0	0	0	1
Intercollegiate Review	Intercollegiate Studies Institute	EBSCOhost		35964	0020-5249	2168-6300	1	0	1	0	1	0	0
International Affairs	Oxford University Press	EBSCOhost		36063	0020-5850	1468-2346	5	2	3	2	0	2	1
International Feminist Journal of Politics	Taylor & Francis	EBSCOhost		36203	1461-6742	1468-4470	1	0	1	1	0	0	0
International Forum of Psychoanalysis	Taylor & Francis	EBSCOhost		36217	0803-706X	1651-2324	7	0	7	7	0	0	0
International Journal of Behavioral Medicine	Springer Nature	EBSCOhost		458969	1070-5503	1532-7558	1	0	1	0	0	1	0
International Journal of Children's Spirituality	Taylor & Francis	EBSCOhost		36369	1364-436X	1469-8455	2	2	0	0	0	1	1
International Journal of Cognitive Research in Science, Engineering and Education	Escuela de Administracion y Mercadotecnia del Quindio	EBSCOhost		1945262	2334-847X	2334-8496	1	0	1	1	0	0	0
International Journal of Emerging Technologies in Learning (iJET)	International Association of Online Engineering (IAOE)	EBSCOhost		217785	1868-8799	1863-0383	2	0	2	0	1	1	0
International Journal of Game Theory	Springer Science+Business Media B.V.	EBSCOhost		36529	0020-7276	1432-1270	1	0	1	1	0	0	0
International Journal of Geographical Information Science	Taylor & Francis	EBSCOhost		36531	1365-8816	1365-8824	1	0	1	1	0	0	0
International Journal of Human-Computer Interaction	Taylor & Francis	EBSCOhost		36579	1044-7318	1532-7590	1	0	1	0	0	1	0
International Journal of Instruction	International Journal of Instruction	EBSCOhost		419493	1694-609X	1308-1470	2	0	2	0	0	1	1
International Journal of Mental Health	Taylor & Francis	EBSCOhost		36682	0020-7411	1557-9328	1	0	1	0	1	0	0
International Journal of Psychology	Taylor & Francis	EBSCOhost		36834	0020-7594	1464-066X	2	1	1	2	0	0	0
International Journal of Technology and Design Education	Springer Nature	EBSCOhost		36965	0957-7572	1573-1804	2	0	2	0	1	1	0
International Journal of the Classical Tradition	Springer Science+Business Media B.V.	EBSCOhost		36973	1073-0508	1874-6292	4	2	2	2	2	0	0
International Online Journal of Education & Teaching	Escuela de Administracion y Mercadotecnia del Quindio	EBSCOhost		4443295		2148-225X	1	0	1	0	0	0	1
International Review of Education / Internationale Zeitschrift Für Erziehungswissenschaft / Revue Internationale De L'Education	Springer	EBSCOhost		37165	0020-8566	1573-0638	1	0	1	0	0	1	0
International Review of Research in Open and Distance Learning	Athabasca University	EBSCOhost		123925		1492-3831	2	0	2	1	1	0	0
International Studies Quarterly	Oxford University Press	EBSCOhost		7338380	0020-8833	1468-2478	1	0	1	0	0	0	1
International Studies Quarterly	Wiley-Blackwell	EBSCOhost		37249	0020-8833	1468-2478	1	0	1	1	0	0	0
International Studies in the Philosophy of Science	Taylor & Francis	EBSCOhost		37246	0269-8595	1469-9281	4	3	1	0	0	3	1
International journal of Francophone studies	Intellect	EBSCOhost		88672	1368-2679	1758-9142	1	0	1	0	0	1	0
International journal of selection and assessment	Wiley-Blackwell	EBSCOhost		36908	0965-075X	1468-2389	2	1	1	1	1	0	0
International migration	Wiley-Blackwell	EBSCOhost		37076	0020-7985	1468-2435	2	1	1	0	2	0	0
Islam & science	Center for Islam and Science	EBSCOhost		159151	1703-7603	1703-762X	1	0	1	0	0	1	0
Israel studies : IS	Indiana University Press	EBSCOhost		297875	1084-9513	1527-201X	1	0	1	0	0	1	0
Israel studies : IS	Indiana University Press	EBSCOhost		37822	1084-9513	1527-201X	3	3	0	0	3	0	0
Issues in Science and Technology	National Academy of Sciences	EBSCOhost		37890	0748-5492	1938-1557	2	0	2	0	0	2	0
Italica	American Association of Teachers of Italian	EBSCOhost		37953	0021-3020	2325-6672	1	0	1	1	0	0	0
Journal for Educational Research Online	Waxmann Verlag	EBSCOhost		600637		1866-6671	3	0	3	0	0	3	0
Journal for General Philosophy of Science = Zeitschrift fur allgemeine Wissenschaftstheorie	Springer	EBSCOhost		38728	0925-4560	1572-8587	4	0	4	1	0	1	2
Journal for cultural research	Taylor & Francis Group	EBSCOhost		101914	1479-7585	1740-1666	5	4	1	0	0	0	5
Journal for the Study of Judaism in the Persian, Hellenistic, and Roman Period	Brill	EBSCOhost		38756	0047-2212	1570-0631	1	0	1	0	1	0	0
Journal for the Study of Religion, Nature and Culture	Equinox Publishing	EBSCOhost		302281	1749-4907	1749-4915	2	0	2	0	2	0	0
Journal for the Study of the Old Testament	SAGE Publications	EBSCOhost		38763	0309-0892	1476-6728	1	0	1	0	0	1	0
Journal of Abnormal Child Psychology	Plenum Press	EBSCOhost		38801	0091-0627	1573-2835	1	0	1	0	1	0	0
Journal of Adolescent & Adult Literacy	Blackwell Publishing Ltd.	EBSCOhost		38841	1081-3004	1936-2706	2	2	0	1	0	0	1
Journal of Aesthetics and Art Criticism	Wiley	EBSCOhost		38875	0021-8529	1540-6245	6	3	3	2	0	4	0
Journal of Alternative & Complementary Medicine	Mary Ann Liebert Incorporated	EBSCOhost		38960	1075-5535	1557-7708	1	0	1	1	0	0	0
Journal of American History	Oxford University Press	EBSCOhost		38985	0021-8723	1945-2314	17	0	17	3	3	8	3
Journal of Anglican Studies	Cambridge University Press	EBSCOhost		165643	1740-3553	1745-5278	1	1	0	1	0	0	0
Journal of Arachnology	American Arachnological Society	EBSCOhost		79380	0161-8202	1937-2396	1	0	1	1	0	0	0
Journal of Austrian Studies	University of Nebraska Press	EBSCOhost		1881126	2165-669X	2327-1809	5	2	3	4	0	0	1
Journal of Autism and Developmental Disorders	Springer Nature	EBSCOhost		39186	0162-3257	1573-3432	2	0	2	1	0	0	1
Journal of Broadcasting & Electronic Media	Taylor & Francis Group	EBSCOhost		39335	0883-8151	1550-6878	1	1	0	0	0	0	1
Journal of Business Ethics	Springer Nature	EBSCOhost		125768	0167-4544	1573-0697	8	3	5	1	4	1	2
Journal of Canadian Studies = Revue d'etudes canadiennes	University of Toronto Press	EBSCOhost		39408	0021-9495	1911-0251	1	0	1	0	0	1	0
Journal of Child and Family Studies	Springer Nature	EBSCOhost		39504	1062-1024	1573-2843	1	0	1	0	0	0	1
Journal of Clinical Child & Adolescent Psychology	Taylor & Francis	EBSCOhost		39591	1537-4416	1537-4424	1	0	1	0	1	0	0
Journal of Clinical Child Psychology	Taylor & Francis	EBSCOhost		39593	0047-228X	1532-7639	1	0	1	0	0	1	0
Journal of Clinical and Experimental Neuropsychology	Taylor & Francis	EBSCOhost		78271	1380-3395	1744-411X	1	0	1	0	0	0	1
Journal of Cognition and Development	Taylor & Francis	EBSCOhost		39672	1524-8372	1532-7647	1	0	1	0	1	0	0
Journal of Community Psychology	John Wiley & Sons Incorporated	EBSCOhost		39747	0090-4392	1520-6629	1	0	1	0	1	0	0
Journal of Comparative Family Studies	University of Toronto Press	EBSCOhost		39755	0047-2328	1929-9850	1	0	1	0	0	0	1
Journal of Counseling and Development	Wiley-Blackwell	EBSCOhost		39919	0748-9633	1556-6676	3	1	2	0	0	1	2
Journal of Development Studies	Taylor & Francis	EBSCOhost		40023	0022-0388	1743-9140	7	2	5	1	0	6	0
Journal of Educational Technology & Society	International Forum of Educational Technology & Society	EBSCOhost		101611	1176-3647	1436-4522	2	0	2	0	1	0	1
Journal of Folklore Research	Indiana University Press	EBSCOhost		40584	0737-7037	1543-0413	1	0	1	0	0	1	0
Journal of Geography	Taylor & Francis	EBSCOhost		40682	0022-1341	1752-6868	1	0	1	1	0	0	0
Journal of Geography in Higher Education	Taylor & Francis	EBSCOhost		40686	0309-8265	1466-1845	1	1	0	0	0	0	1
Journal of Higher Education	Taylor & Francis	EBSCOhost		40835	0022-1546	1538-4640	1	0	1	0	0	0	1
Journal of Higher Education Theory and Practice	North American Business Press	EBSCOhost		1086717	2158-3595		1	0	1	0	1	0	0
Journal of Integrated Design & Process Science : Transactions of the SDPS	IOS Press	EBSCOhost		41049	1092-0617	1875-8959	1	0	1	0	0	1	0
Journal of Interdisciplinary Music Studies = Disiplinlerarasý müzik araþtýrmalarý dergisi	Journal of Interdisciplinary Music Studies	EBSCOhost		352881	1307-0401	1306-9055	3	0	3	2	0	1	0
Journal of Interprofessional Care	Taylor & Francis	EBSCOhost		41151	1356-1820	1469-9567	1	1	0	0	0	0	1
Journal of Language Teaching and Research	Academy Publications Co. LTD	EBSCOhost		604195	1798-4769	2053-0684	1	0	1	0	0	0	1
Journal of Language and Linguistic Studies	Hacettepe Üniversitesi	EBSCOhost		955201		1305-578X	1	0	1	0	0	0	1
Journal of Leadership & Organizational Studies	SAGE Publications	EBSCOhost		135565	1548-0518	1939-7089	2	0	2	2	0	0	0
Journal of Leadership Education	Association of Leadership Educators	EBSCOhost		529327		1552-9045	1	0	1	0	1	0	0
Journal of Marriage and Family	Wiley-Blackwell	EBSCOhost		41445	0022-2445	1741-3737	1	1	0	1	0	0	0
Journal of Materials Science	Springer Nature	EBSCOhost		41464	0022-2461	1573-4803	1	0	1	0	0	1	0
Journal of Modern Literature	Indiana University Press	EBSCOhost		41603	0022-281X	1529-1464	3	0	3	1	0	0	2
Journal of Moral Education	Taylor & Francis	EBSCOhost		41638	0305-7240	1465-3877	3	0	3	0	0	3	0
Journal of Music, Technology & Education	Intellect	EBSCOhost		402239	1752-7066	1752-7074	3	0	3	0	3	0	0
Journal of New Music Research	Taylor & Francis	EBSCOhost		41783	0929-8215	1744-5027	1	0	1	0	1	0	0
Journal of Occupational Psychology	Wiley	EBSCOhost		41872	0305-8107	2056-8142	1	0	1	0	0	1	0
Journal of Occupational and Organizational Psychology	Wiley	EBSCOhost		41864	0963-1798	2044-8325	4	1	3	1	2	0	1
Journal of Personality	Wiley-Blackwell	EBSCOhost		42046	0022-3506	1467-6494	3	0	3	2	1	0	0
Journal of Personality Assessment	Taylor & Francis	EBSCOhost		42050	0022-3891	1532-7752	1	0	1	1	0	0	0
Journal of Political Philosophy	Wiley-Blackwell	EBSCOhost		42204	0963-8016	1467-9760	3	0	3	0	3	0	0
Journal of Political Science Education	Taylor & Francis	EBSCOhost		164113	1551-2169	1551-2177	1	1	0	0	0	1	0
Journal of Popular Film and Television	Taylor & Francis Group	EBSCOhost		42223	0195-6051	1930-6458	1	0	1	0	1	0	0
Journal of Quantitative Criminology	Springer Nature	EBSCOhost		42411	0748-4518	1573-7799	1	0	1	0	1	0	0
Journal of Religion	University of Chicago Press	EBSCOhost		42481	0022-4189	1549-6538	3	2	1	0	1	0	2
Journal of Reproductive and Infant Psychology	Taylor & Francis	EBSCOhost		42510	0264-6838	1469-672X	1	0	1	0	1	0	0
Journal of Research in Childhood Education	Taylor & Francis Group	EBSCOhost		42519	0256-8543	2150-2641	3	0	3	0	3	0	0
Journal of Research in Music Education	SAGE Publications	EBSCOhost		42526	0022-4294	1945-0095	1	1	0	1	0	0	0
Journal of Research in Science Teaching	John Wiley & Sons Incorporated	EBSCOhost		42534	0022-4308	1098-2736	1	1	0	0	1	0	0
Journal of Science Education and Technology	Springer Nature	EBSCOhost		42605	1059-0145	1573-1839	1	0	1	1	0	0	0
Journal of Singing	National Association of Teachers of Singing	EBSCOhost		89015	1086-7732		1	0	1	0	1	0	0
Journal of Social History	Oxford University Press	EBSCOhost		42677	0022-4529	1527-1897	2	1	1	1	0	1	0
Journal of Social Psychology	Taylor & Francis Group	EBSCOhost		42685	0022-4545	1940-1183	9	6	3	6	0	2	1
Journal of Social Work Education	Taylor & Francis	EBSCOhost		42700	1043-7797	2163-5811	2	0	2	0	0	2	0
Journal of Social Work Practice	Taylor & Francis	EBSCOhost		42702	0265-0533	1465-3885	1	0	1	0	1	0	0
Journal of Southern African studies	Taylor & Francis	EBSCOhost		42742	0305-7070	1465-3893	2	1	1	0	0	2	0
Journal of Speculative Philosophy	Pennsylvania State University Press	EBSCOhost		42759	0891-625X	1527-9383	2	0	2	0	0	2	0
Journal of Speech, Language, and Hearing Research	American Speech-Language-Hearing Association	EBSCOhost		42770	1092-4388	1558-9102	22	2	20	14	6	0	2
Journal of Sports Science and Medicine	Uludag University	EBSCOhost		126116		1303-2968	1	0	1	0	0	0	1
Journal of University Teaching & Learning Practice	CEDIR, Centre for Educational Development and Interactive Resources	EBSCOhost		187528	1449-9789		1	0	1	0	0	1	0
Journal of Visual Art Practice	Taylor & Francis	EBSCOhost		2485260	1470-2029	1758-9185	1	0	1	0	0	0	1
Journal of Youth Studies	Taylor & Francis	EBSCOhost		43876	1367-6261	1469-9680	1	1	0	0	1	0	0
Journal of biomedical science	BioMed Central	EBSCOhost		39292	1021-7770	1423-0127	1	0	1	1	0	0	0
Journal of child psychology and psychiatry and allied disciplines	Cambridge University Press	EBSCOhost		124893	0021-9630	1469-7610	1	0	1	0	0	1	0
Journal of educational and psychological consultation : the official journal of the Association for Educational and Psychological Consultants	Taylor & Francis	EBSCOhost		40184	1047-4412	1532-768X	1	0	1	0	0	1	0
Journal of electronic defense	Association of Old Crows	EBSCOhost		40239	0192-429X		1	0	1	0	1	0	0
Journal of moral philosophy	Brill	EBSCOhost		411701	1740-4681	1745-5243	2	0	2	0	0	2	0
Journal of phenomenological psychology	Brill Academic Publishers	EBSCOhost		42086	0047-2662	1569-1624	1	0	1	0	0	1	0
Journal of the history of sexuality	University of Texas Press	EBSCOhost		43251	1043-4070	1535-3605	1	0	1	0	0	1	0
Kappa Delta Pi Record	Taylor & Francis	EBSCOhost		44253	0022-8958	2163-1611	5	5	0	5	0	0	0
Kirkus Reviews	Kirkus Media LLC	EBSCOhost		44441	1948-7428		6	6	0	0	1	2	3
Kuram ve Uygulamada Eğitim Bilimleri = Educational Sciences: Theory & Practice	EDAM (Educational Consultancy Ltd)	EBSCOhost		99079	1303-0485		2	0	2	0	0	2	0
Labour : Journal of Canadian Labour Studies / Le Travail: Revue d’Études Ouvrières Canadiennes	Athabasca University	EBSCOhost		45034	0700-3862	1911-4842	1	1	0	0	1	0	0
Labour, Capital and Society / Travail, capital et société	St. Mary's University	EBSCOhost		106662	0706-1706		1	0	1	0	1	0	0
Language & Literature (10576037)	Trinity University / Texas	EBSCOhost		88712	1057-6037	1461-7293	2	0	2	0	0	0	2
Language learning	Wiley	EBSCOhost		45176	0023-8333	1467-9922	1	1	0	0	1	0	0
Language, Speech & Hearing Services in Schools	American Speech-Language-Hearing Association	EBSCOhost		45188	0161-1461	1558-9129	3	0	3	1	2	0	0
Learning & Leading with Technology	International Society for Technology in Education / ISTE	EBSCOhost		91838	1082-5754		1	0	1	0	0	0	1
Learning Environments Research	Springer Nature	EBSCOhost		45539	1387-1579	1573-1855	1	0	1	0	1	0	0
Legacy Magazine	National Association for Interpretation	EBSCOhost		430004	1052-3774		4	0	4	4	0	0	0
Leonardo	MIT Press	EBSCOhost		45700	0024-094X	1530-9282	4	1	3	0	2	2	0
Library Journal	Library Journals, LLC	EBSCOhost		45875	0363-0277		42	30	12	10	7	10	15
Library Leadership & Management	American Library Association	EBSCOhost		500100	1945-8851	1945-886X	1	0	1	0	1	0	0
Library Talk	Linworth Publishing Company	EBSCOhost		45896	1043-237X		1	1	0	0	1	0	0
Library technology reports	American Library Association	EBSCOhost		45897	0024-2586	1945-4538	1	0	1	0	0	0	1
Library trends	Johns Hopkins University Press	EBSCOhost		45898	0024-2594	1559-0682	1	1	0	0	1	0	0
Literature Film Quarterly	Salisbury State College	EBSCOhost		46213	0090-4260	2573-7597	1	1	0	0	1	0	0
Lucrari Stiintifice Seria Agronomie	University of Agricultural Sciences and Veterinary Medicine of Iasi	EBSCOhost		1403806	1454-7414	2069-7627	2	0	2	0	0	0	2
Maclean's	Rogers Media	EBSCOhost		46643	0024-9262		1	1	0	0	0	1	0
Magill book reviews	Salem Press	EBSCOhost		46695	0890-7722		4	4	0	0	0	4	0
Marine Biology	Springer Nature	EBSCOhost		47191	0025-3162	1432-1793	1	0	1	0	0	1	0
Marine Georesources & Geotechnology	Taylor & Francis	EBSCOhost		47224	1064-119X	1521-0618	3	0	3	0	3	0	0
Material Religion	Taylor & Francis	EBSCOhost		171723	1743-2200	1751-8342	1	0	1	0	0	0	1
Medical Laboratory Observer : MLO	NP Communications, LLC	EBSCOhost		81128	0580-7247		1	0	1	1	0	0	0
Mediterranean Historical Review	Taylor & Francis	EBSCOhost		96677	0951-8967	1743-940X	1	0	1	1	0	0	0
Medium aevum	Medium Ævum Publications	EBSCOhost		48191	0025-8385	2398-1423	2	0	2	0	1	0	1
Merrill-Palmer Quarterly	Wayne State University Press	EBSCOhost		48486	0272-930X	1535-0266	2	0	2	0	1	0	1
Midwest Quarterly	Pittsburg State University	EBSCOhost		48975	0026-3451		1	0	1	1	0	0	0
Military History	World History Group, LLC	EBSCOhost		49041	0889-7328		7	0	7	0	0	7	0
Mind, Brain, and Education	Wiley	EBSCOhost		337177	1751-2271	1751-228X	1	1	0	0	0	0	1
Modern Austrian Literature	State University of New York Binghamton	EBSCOhost		93768	0026-7503	2474-3240	28	0	28	12	5	10	1
Modern Language Review	Modern Humanities Research Association	EBSCOhost		49530	0026-7937	2222-4319	22	0	22	10	3	8	1
Molecular Psychiatry	Nature Publishing Group	EBSCOhost		49703	1359-4184	1476-5578	1	0	1	0	1	0	0
Monatshefte	University of Wisconsin Press	EBSCOhost		49738	0026-9271	1934-2810	9	0	9	4	1	3	1
Monographs of the Society for Research in Child Development	Wiley-Blackwell	EBSCOhost		49902	0037-976X	1540-5834	1	0	1	0	1	0	0
Montessori Life : A Publication of the American Montessori Society	American Montessori Society	EBSCOhost		49919	1054-0040		2	1	1	0	0	0	2
Motivation and Emotion	Springer Nature	EBSCOhost		50069	0146-7239	1573-6644	1	0	1	1	0	0	0
MultiCultural Review	Goldman Group Incorporated	EBSCOhost		50211	1058-9236		1	0	1	0	1	0	0
Multicultural Education	Caddo Gap Press	EBSCOhost		50205	1068-3844		2	2	0	0	0	2	0
Multisensory Research	Brill	EBSCOhost		1438339	2213-4794	2213-4808	1	0	1	0	1	0	0
Music & Letters	Oxford University Press	EBSCOhost		50319	0027-4224	1477-4631	3	0	3	2	0	1	0
Music Education Research	Taylor & Francis	EBSCOhost		50322	1461-3808	1469-9893	4	3	1	0	4	0	0
Music Educators Journal	SAGE Publications	EBSCOhost		50323	0027-4321	1945-0087	4	4	0	0	3	1	0
Music analysis	Wiley-Blackwell	EBSCOhost		50316	0262-5245	1468-2249	2	0	2	1	1	0	0
Music theory online	Society for Music Theory, Inc.	EBSCOhost		101497		1067-3040	3	0	3	3	0	0	0
Musical Times	Musical Times Publications Ltd.	EBSCOhost		50372	0027-4666	2397-5318	4	0	4	2	0	2	0
Musikforum	Schott Music GmbH & Co. KG	EBSCOhost		19760224	0935-2562		1	0	1	0	1	0	0
Muzikološki Zbornik = Musicological Annual	University of Ljubljana	EBSCOhost		11510387	0580-373X	2350-4242	4	0	4	3	0	1	0
NACADA Journal	National Academic Advising Association	EBSCOhost		383823	0271-9517	2330-3840	1	0	1	1	0	0	0
National Geographic	National Geographic Society	EBSCOhost		50707	0027-9358	1931-1524	1	1	0	0	0	1	0
National Review	National Review Incorporated	EBSCOhost		50822	0028-0038		1	0	1	0	1	0	0
National tax journal	National Tax Association - Tax Institute of America	EBSCOhost		50835	0028-0283	1944-7477	1	1	0	0	0	1	0
Nationalities papers	Cambridge University Press	EBSCOhost		50888	0090-5992	1465-3923	2	0	2	2	0	0	0
Nature	Nature Publishing Group	EBSCOhost		50974	0028-0836	1476-4687	8	0	8	7	1	0	0
Nature Reviews Neuroscience	Nature Publishing Group	EBSCOhost		84163	1471-003X	1471-0048	2	0	2	2	0	0	0
Neue Zeitschrift für Musik (1991-)	Schott Music GmbH & Co. KG	EBSCOhost		4335312	0945-6945	2199-5958	3	0	3	0	1	1	1
Neurorehabilitation	IOS Press	EBSCOhost		51469	1053-8135	1878-6448	1	0	1	1	0	0	0
New Directions for Child and Adolescent Development	John Wiley & Sons Incorporated	EBSCOhost		51578	1520-3247	1534-8687	1	1	0	0	0	0	1
New Internationalist	New Internationalist	EBSCOhost		51682	0305-9529	2514-3670	7	1	6	4	0	0	3
New Political Science	Taylor & Francis	EBSCOhost		51813	0739-3148	1469-9931	2	0	2	2	0	0	0
New Scientist	New Scientist Ltd.	EBSCOhost		16190823	0262-4079	2059-5387	2	2	0	2	0	0	0
New Scientist	Reed Business Information Ltd	EBSCOhost		51838	0262-4079	1356-1766	11	11	0	0	3	2	6
New Statesman	New Statesman Limited	EBSCOhost		913102	1364-7431	1758-924X	2	1	1	0	1	0	1
New York Amsterdam News	Powell Savory Corp	EBSCOhost		51896	1059-1818	2163-6206	2	2	0	0	2	0	0
New York Times Upfront	Scholastic Incorporated	EBSCOhost		89177	1525-1292		1	1	0	1	0	0	0
New Yorker	Conde Nast Publications	EBSCOhost		51980	0028-792X	2163-3827	7	7	0	2	0	1	4
Newsweek (U.S. Ed.)	Newsweek, Inc.	EBSCOhost		52179	0028-9604	1069-840X	2	2	0	1	1	0	0
Newsweek Global	Newsweek, Inc.	EBSCOhost		1663338	0028-9604	2572-5343	2	2	0	0	0	1	1
Notes (Music Library Association)	Music Library Association	EBSCOhost		50332	0027-4380	1534-150X	1	1	0	1	0	0	0
Numen	Brill	EBSCOhost		52952	0029-5973	1568-5276	1	0	1	0	0	0	1
Nutridate	Warringal Productions	EBSCOhost		53105	1320-9701	1835-5080	1	0	1	0	0	0	1
October	MIT Press	EBSCOhost		53364	0162-2870	1536-013X	3	2	1	0	3	0	0
Ohio Journal of School Mathematics	Ohio Council of Teachers of Mathematics	EBSCOhost		599521			4	0	4	0	4	0	0
Opera News	Metropolitan Opera Guild Incorporated	EBSCOhost		53848	0030-3607	1938-1506	10	9	1	0	0	0	10
Ophthalmic and Physiological Optics	Elsevier Science Limited	EBSCOhost		53879	0275-5408	1475-1313	1	0	1	0	1	0	0
Organization Science	INFORMS	EBSCOhost		54074	1047-7039	1526-5455	3	0	3	3	0	0	0
Our Schools, Our Selves	Canadian Centre for Policy Alternatives	EBSCOhost		189814	0840-7339		1	0	1	0	1	0	0
Oxford Review of Education	Taylor & Francis	EBSCOhost		54394	0305-4985	1465-3915	3	1	2	1	0	1	1
PC Magazine : the independent guide to IBM-standard personal computers	Ziff-Davis	EBSCOhost		55128	0888-8507	2373-2830	1	1	0	1	0	0	0
PLoS Biology	Public Library of Science	EBSCOhost		123741	1544-9173	1545-7885	1	0	1	0	0	1	0
PLoS Neglected Tropical Diseases	Public Library of Science	EBSCOhost		380746	1935-2727	1935-2735	1	1	0	0	0	0	1
PLoS One	Public Library of Science	EBSCOhost		281894		1932-6203	36	17	19	4	4	11	17
PSYCHOLOGY AND PSYCHOTHERAPY	British Psychological Society	EBSCOhost		14033190	1476-0835		1	0	1	1	0	0	0
Pacific affairs	Pacific Affairs University of British Columbia	EBSCOhost		54443	0030-851X	1715-3379	3	0	3	3	0	0	0
Pacific philosophical quarterly	Wiley-Blackwell	EBSCOhost		54470	0279-0750	1468-0114	1	0	1	0	0	1	0
Paediatric & Perinatal Epidemiology	Wiley-Blackwell	EBSCOhost		54524	0269-5022	1365-3016	2	0	2	0	0	0	2
Pain Practice	Wiley-Blackwell	EBSCOhost		54549	1530-7085	1533-2500	1	0	1	0	0	1	0
Papers in regional science	Wiley-Blackwell	EBSCOhost		163114	1056-8190	1435-5957	2	2	0	0	0	0	2
Patterns of Prejudice	Taylor & Francis	EBSCOhost		55097	0031-322X	1461-7331	2	0	2	2	0	0	0
People	Meredith Corporation	EBSCOhost		90514	0093-7673	2169-2157	6	6	0	0	0	5	1
Personnel psychology	Wiley-Blackwell	EBSCOhost		55585	0031-5826	1744-6570	2	1	1	0	2	0	0
Philosophical Explorations: An International Journal for the Philosophy of Mind and Action	Taylor & Francis	EBSCOhost		140933	1386-9795	1741-5918	1	0	1	0	0	0	1
Philosophical Studies	Springer Nature	EBSCOhost		55932	0031-8116	1573-0883	1	0	1	1	0	0	0
Philosophical issues	Wiley-Blackwell	EBSCOhost		152923	1533-6077	1758-2237	1	0	1	1	0	0	0
Philosophy of science	University of Chicago Press	EBSCOhost		55977	0031-8248	1539-767X	3	1	2	0	2	0	1
Ploughshares	Ploughshares Inc	EBSCOhost		56470	0048-4474	2162-0903	1	1	0	1	0	0	0
Police Practice & Research: An International Journal	Taylor & Francis	EBSCOhost		71941	1561-4263	1477-271X	1	1	0	0	0	1	0
Policy Review	Hoover Institution Press	EBSCOhost		56600	0146-5945	2169-6802	1	0	1	1	0	0	0
Political Studies	Wiley-Blackwell	EBSCOhost		56672	0032-3217	1467-9248	5	0	5	0	0	3	2
Political Studies Review	Wiley-Blackwell	EBSCOhost		90540	1478-9299	1478-9302	2	0	2	0	0	2	0
Popular Music and Society	Taylor & Francis	EBSCOhost		56778	0300-7766	1740-1712	1	0	1	0	1	0	0
Practice Nurse: The Journal for Nurses in General Practice	Medical Education Solutions	EBSCOhost		57066	0953-6612		3	3	0	0	3	0	0
Preventing School Failure: Alternative Education for Children and Youth	Taylor & Francis Group	EBSCOhost		57246	1045-988X	1940-4387	3	0	3	3	0	0	0
Professional Safety	American Society of Safety Engineers	EBSCOhost		57995	0099-0027		4	0	4	3	1	0	0
Prospects	Springer Nature	EBSCOhost		58226	0033-1538	1573-9090	1	0	1	0	0	1	0
Psycho-Oncology	John Wiley & Sons Incorporated	EBSCOhost		58436	1057-9249	1099-1611	1	1	0	1	0	0	0
Psychological Inquiry	Taylor & Francis	EBSCOhost		58503	1047-840X	1532-7965	3	0	3	0	2	0	1
Psychological Science	SAGE Publications	EBSCOhost		58529	0956-7976	1467-9280	1	0	1	1	0	0	0
Psychopharmacology	Springer Nature	EBSCOhost		58632	0033-3158	1432-2072	2	0	2	1	0	1	0
Public Administration Review	American Society for Public Administration	EBSCOhost		58703	0033-3352	1540-6210	1	1	0	0	0	1	0
Publishers Weekly	PWxyz, LLC	EBSCOhost		58918	0000-0019	2150-4008	25	18	7	4	2	9	10
Pädagogik	Julius Beltz GmbH & Company KG	EBSCOhost		11548857	0933-422X		8	0	8	4	0	1	3
Quarterly Review of Biology	University of Chicago Press	EBSCOhost		59184	0033-5770	1539-7718	4	2	2	2	0	1	1
Reading Improvement	Project Innovation of Mobile	EBSCOhost		59575	0034-0510		1	0	1	1	0	0	0
Reading research quarterly	International Literacy Association	EBSCOhost		59585	0034-0553	1936-2722	3	1	2	0	0	3	0
Reason	Reason Foundation	EBSCOhost		59677	0048-6906		2	2	0	0	0	0	2
Recorder Magazine	Peacock Press	EBSCOhost		398167	0961-3544		1	0	1	0	0	1	0
Records management quarterly	Association of Records Managers and Administrators Incorporated	EBSCOhost		35391	1050-2343		1	1	0	1	0	0	0
Reference & user services quarterly	American Library Association	EBSCOhost		59829	1094-9054	2163-5242	6	0	6	1	2	0	3
Refuge: Canada’s Journal on Refugees	Centre for Refugee Studies	EBSCOhost		59871	0229-5113	1920-7336	5	0	5	0	1	3	1
Renaissance quarterly	Cambridge University Press	EBSCOhost		60071	0034-4338	1935-0236	7	3	4	1	0	1	5
Research and Issues in Music Education	Research and Issues in Music Education	EBSCOhost		212889		1532-8090	2	2	0	0	0	0	2
Research in African Literatures	Indiana University Press	EBSCOhost		60443	0034-5210	1527-2044	3	1	2	1	0	1	1
Reviews in Anthropology	Taylor & Francis	EBSCOhost		60852	0093-8157	1556-3014	1	0	1	0	0	0	1
Reviews in Religion & Theology	Wiley-Blackwell	EBSCOhost		60867	1350-7303	1467-9418	2	0	2	0	0	2	0
Revista Española de Pedagogía	Consejo Superior Investigacion Cientificas / CSIC	EBSCOhost		95351	0034-9461	2174-0909	2	0	2	0	0	2	0
Ricerche di Pedagogia e Didattica	CLUEB	EBSCOhost		421557		1970-2221	1	0	1	0	0	0	1
Sacred Music	Church Music Association of America	EBSCOhost		96407	0036-2255		1	0	1	0	0	1	0
Saturday Evening Post	Saturday Evening Post Society	EBSCOhost		62179	0048-9239	2169-4923	3	0	3	2	0	1	0
Scandinavian Journal of Caring Sciences	Wiley-Blackwell	EBSCOhost		62264	0283-9318	1471-6712	1	0	1	0	0	1	0
Scholastic Choices	Scholastic Incorporated	EBSCOhost		62336	0883-475X	1930-5664	1	1	0	0	0	0	1
Scholastic News (1st ed)	Scholastic Incorporated	EBSCOhost		62349	1070-5880		1	1	0	1	0	0	0
Scholastic News -- Edition 2 (Teacher's Edition)	Scholastic Incorporated	EBSCOhost		223984	0736-055X		2	2	0	2	0	0	0
Scholastic News/Weekly Reader Edition 5/6	Scholastic Incorporated	EBSCOhost		62348	1554-2440		1	1	0	1	0	0	0
Scholastic Scope	Scholastic Incorporated	EBSCOhost		62356	0036-6412	1930-5680	2	1	1	0	0	0	2
School Administrator	American Association of School Administrators	EBSCOhost		62363	0036-6439		1	1	0	0	1	0	0
School Library Journal	Library Journals, LLC	EBSCOhost		62389	0362-8930		7	5	2	0	0	4	3
Science & Education	Springer Science+Business Media B.V.	EBSCOhost		62478	0926-7220	1573-1901	2	0	2	0	0	2	0
Science News	Society for Science & the Public	EBSCOhost		62541	0036-8423	1943-0930	2	2	0	0	0	1	1
Science Teacher	National Science Teachers Association	EBSCOhost		62566	0036-8555	1943-4871	1	1	0	0	0	0	1
Science and Children	National Science Teachers Association	EBSCOhost		62492	0036-8148	1943-4812	2	2	0	2	0	0	0
Science and engineering ethics	Springer Nature	EBSCOhost		143349	1353-3452	1471-5546	1	0	1	0	0	1	0
Scientific American	Scientific American Inc	EBSCOhost		62595	0036-8733	1946-7087	4	4	0	3	0	0	1
Second language research	SAGE Publications	EBSCOhost		62799	0267-6583	1477-0326	3	0	3	0	0	0	3
Separation and purification methods	Taylor & Francis	EBSCOhost		63001	0360-2540	1525-6022	1	0	1	0	0	0	1
Sex roles	Springer Nature	EBSCOhost		63083	0360-0025	1573-2762	1	0	1	0	1	0	0
Shofar: An Interdisciplinary Journal of Jewish Studies	Purdue University Press	EBSCOhost		63210	0882-8539	1534-5165	1	1	0	0	1	0	0
Sierra	Sierra	EBSCOhost		63263	0161-7362	2168-3298	3	2	1	0	0	0	3
Sign systems studies / University of Tartu	University of Tartu	EBSCOhost		63276	1406-4243	1736-7409	1	0	1	0	0	1	0
Smithsonian	Smithsonian Institution Press	EBSCOhost		63552	0037-7333	1930-5508	9	9	0	2	6	0	1
Social & Cultural Geography	Taylor & Francis	EBSCOhost		63584	1464-9365	1470-1197	1	0	1	1	0	0	0
Social Alternatives	Social Alternatives	EBSCOhost		63589	0155-0306	1836-6600	1	1	0	0	0	0	1
Social Forces	Oxford University Press	EBSCOhost		63614	0037-7732	1534-7605	2	1	1	2	0	0	0
Social Theory and Practice	Dept of Philosophy Florida State University	EBSCOhost		63687	0037-802X	2154-123X	1	0	1	0	0	1	0
Social Work	Oxford University Press	EBSCOhost		63688	0037-8046	1545-6846	2	1	1	1	0	1	0
Social Work in Public Health	Taylor & Francis	EBSCOhost		377149	1937-1918	1937-190X	1	1	0	0	0	0	1
Society	Springer Nature	EBSCOhost		63713	0147-2011	1936-4725	1	0	1	0	0	0	1
Sociological Forum	Wiley-Blackwell	EBSCOhost		338562	0884-8971	1573-7861	6	5	1	5	1	0	0
Sociology of Religion	Oxford University Press	EBSCOhost		63790	1069-4404	1759-8818	1	0	1	0	0	0	1
Software and Systems Modeling (SoSyM)	Springer Science+Business Media B.V.	EBSCOhost		101263	1619-1366	1619-1374	1	0	1	0	0	1	0
South African journal of education = Suid-Afrikaanse tydskrif vir opvoedkunde	Science Africa Society of Cultural History	EBSCOhost		64014	0256-0100	2076-3433	1	0	1	1	0	0	0
Space and Polity	Taylor & Francis	EBSCOhost		64268	1356-2576	1470-1235	2	0	2	0	2	0	0
Statistical Methods in Medical Research: An International Review Journal	SAGE Publications	EBSCOhost		64736	0962-2802	1477-0334	1	0	1	1	0	0	0
Studies in American Naturalism	University of Nebraska Press	EBSCOhost		279396	1931-2555	1944-6519	1	0	1	0	0	1	0
Studies in Musical Theatre	Intellect	EBSCOhost		277604	1750-3159	1750-3167	1	0	1	0	0	0	1
Studies in Philosophy and Education	Springer Nature	EBSCOhost		65227	0039-3746	1573-191X	5	0	5	4	0	1	0
Studies in Short Fiction	M O'Shea Dept English and Foreign Language	EBSCOhost		65246	0039-3789	2168-9032	6	2	4	0	2	0	4
Studies in World Christianity	Edinburgh University Press	EBSCOhost		396246	1354-9901	1750-0230	1	0	1	0	1	0	0
Support for learning	Wiley-Blackwell	EBSCOhost		65519	0268-2141	1467-9604	1	1	0	0	0	0	1
Supreme Court debates	Congressional Digest Corporation	EBSCOhost		11508183	1099-5390		2	0	2	0	2	0	0
TESOL Journal	John Wiley & Sons	EBSCOhost		66409	1056-7941	1949-3533	3	2	1	0	0	0	3
TWICE: This Week in Consumer Electronics	Future Publishing Limited	EBSCOhost		68001	0892-7278		1	1	0	0	1	0	0
Taboo	Caddo Gap Press	EBSCOhost		199788	1080-5400	2164-7399	1	0	1	1	0	0	0
Talent Development	Association for Talent Development	EBSCOhost		4047190	2374-0663	2374-0671	17	14	3	0	7	9	1
Teacher Magazine	Editorial Projects Education	EBSCOhost		65958	1046-6193		3	3	0	3	0	0	0
Teaching Ethics	Philosophy Documentation Center	EBSCOhost		490823	1544-4031	2154-0551	1	0	1	0	0	1	0
Teaching exceptional children plus	Council for Exceptional Children	EBSCOhost		165518		1553-9318	2	0	2	0	0	0	2
Technical Communication Quarterly	Taylor & Francis	EBSCOhost		66022	1057-2252	1542-7625	6	1	5	0	6	0	0
Technology and Children	International Technology Education Association	EBSCOhost		66165			1	0	1	1	0	0	0
Textile: The Journal of Cloth and Culture	Taylor & Francis	EBSCOhost		100105	1475-9756	1751-8350	2	0	2	0	0	2	0
The Advocate (Los Angeles, CA)	Here Publishing Inc.	EBSCOhost		2180	0001-8996	2158-2149	6	6	0	2	1	0	3
The American Historical Review	Oxford University Press	EBSCOhost		1359253	0002-8762	1937-5239	16	0	16	1	0	9	6
The American Indian Quarterly	University of Nebraska Press	EBSCOhost		3619	0095-182X	1534-1828	8	8	0	5	2	0	1
The American Poetry Review	Old City Publishing	EBSCOhost		4084	0360-3709	2162-4984	1	0	1	0	0	0	1
The Antioch Review	Antioch Review	EBSCOhost		6030	0003-5769	2326-9707	3	1	2	0	2	0	1
The Architectural Review	EMAP Business Communications	EBSCOhost		6636	0003-861X		8	8	0	1	7	0	0
The Atlantic Monthly	Atlantic Monthly	EBSCOhost		8145	1072-7825	2151-9463	3	2	1	0	0	0	3
The Beaver: Exploring Canada's History	Canada's History Society	EBSCOhost		9479	0005-7517		1	1	0	0	1	0	0
The Biologist	Society of Biology	EBSCOhost		10564	0006-3347	2516-5151	1	0	1	1	0	0	0
The British Journal of Politics & International Relations	Wiley	EBSCOhost		12109	1369-1481	1467-856X	1	0	1	1	0	0	0
The Catholic Biblical Quarterly	Catholic Biblical Association of America	EBSCOhost		15986	0008-7912	2163-2529	1	0	1	0	1	0	0
The Chemical Engineer	Institution of Chemical Engineers	EBSCOhost		16753	0302-0797		1	0	1	0	0	0	1
The Choral Journal	American Choral Directors Association	EBSCOhost		92736	0009-5028	2163-2170	1	0	1	0	0	1	0
The Chronicle of Philanthropy	Chronicle of Higher Education	EBSCOhost		17485	1040-676X	1943-3980	1	1	0	0	0	1	0
The Elementary School Journal	University of Chicago Press	EBSCOhost		25938	0013-5984	1554-8279	6	5	1	1	5	0	0
The Futurist	World Future Society	EBSCOhost		30268	0016-3317		2	0	2	0	2	0	0
The Historian: A Journal of History	Wiley-Blackwell	EBSCOhost		32957	0018-2370	1540-6563	2	2	0	0	0	0	2
The History Teacher	The Society for History Education	EBSCOhost		33042	0018-2745	1945-2292	3	0	3	3	0	0	0
The Interdisciplinary Journal of Problem-based Learning	Purdue University Press	EBSCOhost		549496		1541-5015	1	0	1	1	0	0	0
The International Electronic Journal of Elementary Education	Escuela de Administracion y Mercadotecnia del Quindio	EBSCOhost		458639		1307-9298	1	0	1	0	1	0	0
The International Journal of Cultural Policy	Taylor & Francis Group	EBSCOhost		36436	1028-6632	1477-2833	1	0	1	1	0	0	0
The Journal Of Child Psychology And Psychiatry	Wiley-Blackwell	EBSCOhost		200503	0021-9630	1469-7610	1	0	1	0	1	0	0
The Journal of Economic Education	Taylor & Francis Group	EBSCOhost		40112	0022-0485	2152-4068	1	0	1	1	0	0	0
The Journal of Environmental Education	Taylor & Francis Group	EBSCOhost		40340	0095-8964	1940-1892	2	0	2	0	0	0	2
The Journal of Ethics	Springer Nature	EBSCOhost		40404	1382-4554	1572-8609	2	0	2	2	0	0	0
The Journal of Experimental Education	Taylor & Francis Group	EBSCOhost		40459	0022-0973	1940-0683	2	1	1	1	1	0	0
The Journal of Genetic Psychology	Taylor & Francis Group	EBSCOhost		40671	0022-1325	1940-0896	1	1	0	0	1	0	0
The Journal of Imperial and Commonwealth History	Taylor & Francis	EBSCOhost		95276	0308-6534	1743-9329	1	0	1	0	1	0	0
The Journal of Learning in Higher Education	JW Press	EBSCOhost		1582277	1936-346X		1	0	1	0	0	1	0
The Journal of Literacy and Technology	Florida Atlantic University	EBSCOhost		194669		1535-0975	1	0	1	0	0	0	1
The Journal of Negro education	Howard University	EBSCOhost		41707	0022-2984	2167-6437	2	1	1	0	2	0	0
The Journal of Politics	University of Chicago Press	EBSCOhost		385070	0022-3816	1468-2508	1	0	1	0	0	1	0
The Journal of Sex Research	Society for Scientific Study of Sex	EBSCOhost		42644	0022-4499	1559-8519	1	0	1	0	0	1	0
The Journal of Southern History	Southern Historical Association	EBSCOhost		42744	0022-4642	2325-6893	1	0	1	1	0	0	0
The Journal of Vocational Education Research	Ohio State University Press	EBSCOhost		43795	0739-3369	1554-7574	8	8	0	0	0	8	0
The Lancet	Elsevier	EBSCOhost		45083	0140-6736	1474-547X	1	1	0	0	0	1	0
The Lancet (North American Edition)	Lancet	EBSCOhost		45081	0099-5355		1	1	0	0	0	1	0
The Literary Review	Fairleigh Dickinson University	EBSCOhost		46156	0024-4589		2	0	2	0	2	0	0
The Massachusetts Review	Massachusetts Review	EBSCOhost		47432	0025-4878	2330-0485	1	0	1	1	0	0	0
The Monist	Oxford University Press	EBSCOhost		49811	0026-9662	2153-3601	2	0	2	0	0	0	2
The Nation	The Nation	EBSCOhost		50607	0027-8378	2472-5897	13	6	7	1	2	5	5
The National Interest	The National Interest, Inc.	EBSCOhost		50755	0884-9382	1938-1573	4	2	2	0	0	0	4
The Negro educational review	Negro Educational Review	EBSCOhost		51189	0548-1457		2	0	2	2	0	0	0
The New Republic	New Republic	EBSCOhost		51823	0028-6583	2169-2416	2	1	1	0	2	0	0
The Pacific Review	Taylor & Francis	EBSCOhost		54475	0951-2748	1470-1332	3	2	1	0	0	0	3
The Professional Counselor: Research and Practice	National Board for Certified Counselors (NBCC)	EBSCOhost		1598832		2164-3989	6	0	6	1	0	0	5
The Reading Teacher	Wiley-Blackwell	EBSCOhost		59587	0034-0561	1936-2714	1	0	1	0	1	0	0
The Sciences	New York Academy of Sciences	EBSCOhost		62582	0036-861X	2326-1951	1	0	1	1	0	0	0
The Social Studies	Taylor & Francis Group	EBSCOhost		63672	0037-7996	2152-405X	2	2	0	1	0	0	1
The Southern Quarterly	University of Southern Mississippi	EBSCOhost		64177	0038-4496	2377-2050	1	0	1	1	0	0	0
The Southern Review	Louisiana State University	EBSCOhost		64179	0038-4534	2168-5541	1	0	1	0	0	0	1
The Tibet journal	Prints Publications Pvt Ltd	EBSCOhost		101050	0970-5368		1	0	1	0	0	1	0
The Turkish online journal of distance education	Anadolu University	EBSCOhost		123923		1302-6488	1	0	1	0	0	0	1
Theatre History Studies	University of Alabama Press	EBSCOhost		66882	0733-2033	2166-9953	1	1	0	0	1	0	0
Theological Review: The Near East School of Theology	The Near East School of Theology	EBSCOhost		840400	0379-9557		1	0	1	1	0	0	0
Theory and Practice in Language Studies	Academy Publications Co. LTD	EBSCOhost		851435	1799-2591	2053-0692	1	0	1	0	0	0	1
Third Text	Taylor & Francis	EBSCOhost		66990	0952-8822	1475-5297	1	0	1	0	0	1	0
Third World Quarterly	Taylor & Francis	EBSCOhost		66998	0143-6597	1360-2241	1	0	1	0	0	0	1
Tijdschrift voor Rechtsgeschiedenis / Revue d'Histoire du Droit / The Legal History Review	Brill Academic Publishers	EBSCOhost		83869	0040-7585	1571-8190	2	0	2	2	0	0	0
Time	Time Inc.	EBSCOhost		67099	0040-781X		17	16	1	2	4	4	7
Time.com	Time Inc.	EBSCOhost		2271397	0040-781X		6	6	0	0	1	2	3
Training	Lakewood Media Group	EBSCOhost		67372	0095-5892	1943-7242	3	2	1	0	1	1	1
Tribal College : Journal of American Indian Higher Education	American Indian Higher Education Consortium	EBSCOhost		67793	1052-5505	2163-3622	1	1	0	1	0	0	0
USA Today	USA Today	EBSCOhost		68580	0734-7456	2165-1779	2	2	0	2	0	0	0
Unterrichtswissenschaft	Springer Verlag	EBSCOhost		95215	0340-4099	2520-873X	4	0	4	1	0	2	1
Urban Studies	SAGE Publications	EBSCOhost		68517	0042-0980	1360-063X	2	0	2	0	1	1	0
Utopian Studies	Pennsylvania State University Press	EBSCOhost		68646	1045-991X	2154-9648	1	0	1	0	1	0	0
Vetus Testamentum	Brill	EBSCOhost		68871	0042-4935	1568-5330	1	0	1	0	0	1	0
Victorian Studies	Indiana University Press	EBSCOhost		68910	0042-5222	1527-2052	4	0	4	0	1	2	1
Vigiliae Christianae	Brill	EBSCOhost		68967	0042-6032	1570-0720	1	0	1	0	1	0	0
Visual Arts Research	University of Illinois Press	EBSCOhost		69078	0736-0770	2151-8009	1	1	0	0	0	1	0
Voices from the Middle	National Council of Teachers of English	EBSCOhost		69136	1074-4762	1943-3069	1	0	1	0	1	0	0
WLA : War, Literature and the Arts	US Air Force Academy English Department	EBSCOhost		69247	1949-9752	2169-7914	1	0	1	0	1	0	0
Wilson Quarterly	Woodrow Wilson International Center	EBSCOhost		69786	0363-3276	2328-529X	1	1	0	0	0	1	0
Women's Studies	Taylor & Francis Group	EBSCOhost		70195	0049-7878	1547-7045	4	1	3	0	3	1	0
Women's international network news	Women's International Network	EBSCOhost		80592	0145-7985		4	3	1	4	0	0	0
Workforce	Mediatec Publishing Inc.	EBSCOhost		2596238	2331-2793		8	7	1	0	5	3	0
World Affairs	SAGE Publications	EBSCOhost		70416	0043-8200	1940-1582	1	1	0	0	1	0	0
World Literature Today	University of Oklahoma	EBSCOhost		70490	0196-3570	1945-8134	6	3	3	2	0	0	4
Writing Program Administration	Council of Writing Program Administrators	EBSCOhost		100073	0196-4682		1	0	1	0	1	0	0
YC Young Children	National Association for the Education of Young Children	EBSCOhost		169494	1538-6619	1941-2002	1	1	0	0	0	0	1
Yearbook - Faculty of Philology	Goce Delcev University, Yearbook - Faculty of Philology	EBSCOhost		13262095	1857-7059		1	0	1	0	0	1	0
ZEP : Zeitschrift für Internationale Bildungsforschung und Entwicklungspädagogik	Waxmann Verlag	EBSCOhost		1868496	1434-4688		2	0	2	0	0	0	2
ZQF - Zeitschrift Fuer Qualitative Forschung	Verlag Barbara Budrich	EBSCOhost		529897	1438-8324		5	0	5	3	1	1	0
Zeitschrift fur Padagogik	Julius Beltz GmbH & Company KG	EBSCOhost		96560	0044-3247		19	0	19	7	5	2	5
Zeitscrift Fuer Weiterbildungsforschung - Report	VS Verlag	EBSCOhost		4419804	2364-0014	2364-0022	1	0	1	0	1	0	0
Zero to Three	National Center for Clinical Infant Programs	EBSCOhost		71014	0736-8038		1	0	1	0	0	0	1
Zygon© Journal of Religion and Science	Wiley-Blackwell	EBSCOhost		71098	0591-2385	1467-9744	1	0	1	0	0	0	1
eLearning and Software for Education	Carol I National Defence University	EBSCOhost		1437674	2066-026X		1	0	1	0	1	0	0
eWeek	Ziff-Davis	EBSCOhost		74886	1530-6283		5	5	0	3	1	0	1
Österreichische Musikzeitschrift	De Gruyter	EBSCOhost		465030	0029-9316	2307-2970	1	0	1	0	0	0	1
